activityId,activityName,description
1,morning workout,high intensity workout for fitness
2,evening reading,relaxing evening reading session
3,afternoon workout,moderate workout in the afternoon
4,night relaxation,calm night relaxation activity
5,morning meditation,morning mindfulness meditation
6,afternoon exercise,light exercise in the afternoon
7,midday yoga,stretching and relaxation exercises
8,late night walk,calm walk to clear the mind
9,cardio session,high-intensity cardiovascular workout
10,evening meditation,reflective meditation before bed
11,creative writing,engage in creative writing exercises
12,art session,exploring creativity through drawing or painting
13,public speaking,practice speeches and presentation skills
14,video gaming,interactive gaming for entertainment
15,cooking class,learn new recipes and cooking techniques
16,music practice,practice an instrument or vocal exercises
17,gardening,care for plants and cultivate a garden
18,coding project,work on a personal or professional coding project
19,hiking,nature walk and physical exercise in the outdoors
20,language learning,study and practice a new language
21,photography,explore photography techniques and capture images
22,dance class,learn new dance styles and routines
23,board games,engage in strategic and social board games
24,fitness class,group fitness activities for motivation and exercise
25,personal development,work on self-improvement and goal-setting
26,relaxation techniques,practice various methods to relax and de-stress
27,volunteering,participate in community service and help others
28,film analysis,watch and analyze films for critical insights
29,cultural exploration,learn about different cultures and traditions
30,virtual reality,experience immersive virtual environments and games
31,crafting,engage in various crafting activities such as knitting or pottery
32,meditation retreat,attend a meditation retreat for deep relaxation
33,public speaking workshop,improve public speaking skills through workshops
34,film making,learn the basics of film making and video production
35,horseback riding,experience horseback riding and equestrian skills
36,travel planning,plan and research future travel destinations and itineraries
37,mindfulness training,participate in mindfulness training to enhance awareness
38,coding bootcamp,complete an intensive coding bootcamp for accelerated learning
39,personal finance,learn about managing personal finances and investments
40,entrepreneurship,explore the fundamentals of starting and running a business
41,stargazing,observe and study celestial objects and constellations
42,language exchange,practice a new language through conversation exchanges
43,robotics,work on robotics projects and learn about automation
44,history exploration,study historical events and their impact on modern society
45,creative cooking,experiment with new and creative cooking techniques
46,fishing,engage in fishing as a relaxing outdoor activity
47,social activism,participate in social causes and activism for positive change
48,DIY projects,work on do-it-yourself projects and home improvements
49,virtual workouts,follow virtual workout classes and fitness routines
50,meditation and yoga retreat,combine meditation and yoga in a retreat setting
51,puzzle solving,engage in various types of puzzles to challenge the mind
52,digital art,create art using digital tools and software
53,home brewing,learn the art of brewing beer or other beverages at home
54,fitness challenges,participate in fitness challenges for motivation and improvement
55,learning a musical instrument,learn to play a new musical instrument
56,mindful eating,practice mindful eating techniques for better health
57,social media management,learn how to manage and grow social media profiles
58,creative photography,experiment with creative photography techniques and styles
59,urban exploration,explore and document urban environments and hidden spots
60,language immersion,fully immerse yourself in a new language through practice and interaction
activityId,activityName,description
61,origami,learn the art of paper folding to create intricate designs
62,virtual museum tours,explore museum collections and exhibits online
63,mind mapping,create visual mind maps to organize thoughts and ideas
64,home yoga practice,engage in yoga sessions from the comfort of your home
65,fitness tracking,monitor and track your fitness progress with apps
66,creative journaling,combine writing and drawing in a creative journal
67,knitting,learn to knit and create custom clothing or accessories
68,aromatherapy,utilize essential oils for therapeutic benefits and relaxation
69,meditation apps,explore various meditation apps for guided sessions
70,public art exploration,discover and document public art installations in your area
71,DIY electronics,work on electronics projects and build your own gadgets
72,herbal remedies,learn about and use herbs for natural health remedies
73,online courses,enroll in online courses to learn new skills and knowledge
74,web development,build and design websites using various web technologies
75,language tutoring,receive one-on-one tutoring in a foreign language
76,classic literature,read and analyze classic literary works from different periods
77,calligraphy,practice the art of beautiful handwriting and letter formation
78,photobook creation,design and create personalized photo books for memories
79,screenwriting,learn the basics of writing scripts for film and television
80,digital marketing,explore strategies and techniques for digital marketing success
81,astrology,study and interpret astrological charts and signs
82,sustainable living,adopt practices for a more eco-friendly and sustainable lifestyle
83,team sports,participate in team sports such as soccer or basketball
84,writing workshops,attend workshops to improve your writing skills
85,game design,learn about designing and developing your own video games
86,podcasting,start and manage your own podcast on various topics
87,vocal training,improve your singing and vocal techniques through training
88,documentary filmmaking,create and produce documentaries on interesting subjects
89,sculpture,explore different techniques and materials for creating sculptures
90,meditative walking,practice mindfulness and relaxation through walking meditation
91,social media content,create engaging content for social media platforms
92,healthy cooking,learn recipes and techniques for cooking nutritious meals
93,social events,organize and participate in social gatherings and events
94,computer programming,develop programming skills in various languages
95,woodworking,work on woodworking projects and create custom furniture or items
96,fish keeping,set up and maintain a home aquarium with various fish species
97,virtual fitness classes,join live or pre-recorded fitness classes online
98,digital scrapbooking,create digital scrapbooks to preserve memories and photos
99,tabletop role-playing games,participate in tabletop RPGs and storytelling adventures
100,home improvement,tackle DIY home improvement projects to enhance living spaces
